stt,radical,name,py,meaning,strokes
1,一,Nhất,yĩ,"Số một, thứ nhất",1
2,〡,Cổn,gǔn,"Nét sổ, đường thẳng đứng trên xuống dưới",1
3,丶,Chủ,zhǔ,"Nét chấm, một điểm",1
4,丿,Phiệt,piě,"Nét phẩy, nét nghiêng từ phải qua trái, chỉ động tác",1
5,乙,Ất,yǐ,"Can thứ hai trong mười can (Giáp, ất , bính, đinh…)",1
6,亅,Quyết,jué,"Nét sổ có móc, cái móc",1
7,二,Nhị,èr,"Số hai, thường biểu thị nét chữ",2
8,亠,Đầu,tóu,Thường chỉ biểu thị nét chữ,2
9,人 (亻),Nhân,rén,"Người¶Biểu thị con người, các động tác, hành vi, tính cách hay sự việc",2
10,儿,Nhi,ér,"Đứa trẻ con, con trai¶Biểu thị các sự việc liên quan tới con người",2
11,入,Nhập,rù,"Vào¶Biểu thị sự thâm nhập, tham gia.",2
12,八,Bát,bā,"Số tám¶Biểu thị sự việc liên quan tới phân tách, ngược lại.",2
13,冂,Quynh,jiōng,"Vùng biên giới xa, hoang địa¶Biểu thị sự việc liên quan tới 1 khu vực",2
14,冖,Mịch,mì,"Biểu thị sự việc liên quan đến che, đậy, phủ lên",2
15,冫,Băng,bīng,"Biểu thị nhiệt độ thấp, hoặc liên quan tới nước",2
16,几,Kỷ,jǐ,"Ghế dựa¶Biểu thị đồ dùng bằng gỗ nhỏ và thấp, dùng cho việc uống trà",2
17,凵,Khảm,qiǎn,Há miệng¶Liên quan đến hang hốc hay lõm xuống,2
18,刀 (刂),Đao,dāo,"Con dao, cây đao¶Chỉ động tác/sự việc liên quan đến vũ khí",2
19,力,Lực,lì,Sức mạnh¶Liên quan đến việc dùng sức lực,2
20,勹,Bao,bāo,Bao bọc¶Biểu thị sự việc liên quan đến con người,2
21,匕,Chủy,bǐ,Cái thìa (cái muỗng),2
22,匚,Phương,fāng,"Tủ đựng¶Biểu thị đồ vật, sự việc liên quan đến đồ đựng hình vuông",2
23,匸,Hệ,xǐ,"Che đậy, giấu giếm",2
24,十,Thập,shí,Số mười (10),2
25,卜,Bốc,bo,Xem bói¶Biểu thị sự việc liên quan đến bói toán,2
26,卩,Tiết,jié,Đốt tre¶Biểu thị sự việc liên quan tới quỳ gối,2
27,厂,Hán,chǎng,"Sườn núi, vách đá¶Biểu thị sự việc liên quan đến vách núi/ nhà xưởng",2
28,厶,"Khư, tư",sī,Riêng tư¶Biểu thị sự việc liên quan đến riêng tư,2
29,又,Hựu,yòu,"Lại nữa, một lần nữa¶Biểu thị sự việc, động tác liên quan tới tay",2
30,口,Khẩu,kǒu,Cái miệng (liên quan ngôn ngữ hoặc động tác miệng; Liên quan tới đồ vật hình vuông),3
31,囗,Vi,wéi,"Vây quanh (liên quan tới sự bao vây, vòng tròn…)",3
32,土,Thổ,tǔ,"Đất (liên quan tới bùn, đất đai)",3
33,士,Sĩ,shì,"Kẻ Sĩ (Liên quan tới con trai, đàn ông)",3
34,夂,Truy,zhǐ,Đến ở phía sau,3
35,夊,Truy suī,,Đi chậm (Liên quan tới hoạt động của chân),3
36,夕,Tịch,xī,Đêm tối (Liên quan đến thời gian / hoạt động về đêm),3
37,大,Đại,dà,To lớn (Liên quan tới sự việc to lớn hoặc người),3
38,女,Nữ,nǚ,"Nữ giới, Con gái, Đàn bà (Liên quan tới phụ nữ, sự xinh đẹp hay họ tên)",3
39,子,Tử,zi,Con (Liên quan tới con cái),3
40,宀,Miên,mián,"Mái nhà, mái che, (Liên quan tới nhà cửa hay những việc trong nhà)",3
41,寸,Thốn,cùn,"Đơn Vị “Tấc” (Đo¶Chiều Dài), liên quan tới phép đo, độ dài",3
42,小,Tiểu,xiǎo,Nhỏ bé (Liên quan tới các việc nhỏ bé),3
43,尢,Uông,yóu,"Yếu đuối (Liên quan tới khiếm khuyết, tàn tật)",3
44,尸,Thi,shī,"Xác chết, Thây ma (Liên quan tới thân thể, thi thể hay động tác con người. Có lúc liên quan tới nhà cửa)",3
45,屮,Triệt,chè,"Mầm non, Cỏ non Mới mọc (liên quan tới cỏ)",3
46,山,Sơn,shān,"Núi non (liên quan tới đá, núi)",3
47,川、巛,Xuyên,chuān,Sông ngòi (liên quan tới sông nước),3
48,工,Công,gōng,"Người thợ, Công việc (liên quan tới công cụ, người thợ)",3
49,己,Kỷ,jǐ,Bản thân mình (Liên quan tới trẻ sơ sinh,3
50,巾,Cân,jīn,Cái khăn (Liên quan tới dệt may),3
51,干,Can,gàn,"Thiên Can, Can Dự",3
52,幺,Yêu,yāo,Nhỏ nhắn (Liên quan tới sự vật nhỏ bé như sợi tơ),3
53,广,Nghiễm,guǎng,"Mái nhà (Liên quan tới công trình kiến trúc, nhà cửa)",3
54,廴,Dẫn,yǐn,Bước dài (Liên quan tới việc đi lại),3
55,廾,Củng,gǒng,Chắp tay (Liên quan tới việc dùng 2 tay để cầm nắm vật gì),3
56,弋,Dặc,yì,"Bắn, chiếm lấy, (thường không biểu thị ý nghĩa)",3
57,弓,Cung,gōng,"Cái cung (Dùng để bắn tên), liên quan tới vũ khí, cung nỏ",3
58,彐,Kệ,jì,Đầu con nhím (thường dùng làm nét chữ),3
59,彡,Sam,shān,"Lông tóc dài (Liên quan tới trang sức, hình ảnh, tranh vẽ)",3
60,彳,Xích,chì,"Bước chân trái (liên quan tới đi lại, đường sá, động tác của con người - thường là chân)",3
61,心 (忄),Tâm,xīn,"Tâm (Tâm đứng):¶Quả tim, Tâm trí)",4
62,戈,Qua,gē,"Kích (mác), Một loại binh khí dài cổ xưa",4
63,户,Hộ,hù,Cửa một cánh (Liên quan tới cửa),4
64,手 (扌),Thủ,shǒu,Tay (Liên quan tới động tác tay),4
65,支,Chi,zhī,"Cành nhánh, Của cây",4
66,攴 (攵),Phộc,pù,"Đánh khẽ, Động tác đánh nhẹ",4
67,文,Văn,wén,"Văn vẻ, Văn chương (Liên quan tới hoa văn hay trang sức nhiều màu sắc)",4
68,斗,Đẩu,dōu,"Cái đấu, Đơn vị đo lường lương thực (đấu thóc, đấu gạo)",4
69,斤,Cẩn,jīn,"Cái búa, Rìu,¶Dụng cụ đốn cây",4
70,方,Phương,fāng,"Vuông, phương, (Chỉ Hình vuông,¶Phương hướng)",4
71,无（旡）,Vô,wú,Không,4
72,日,Nhật,rì,"Ngày, Mặt Trời",4
73,曰,Viết,yuē,"Nói rằng, Liên quan tới việc nói",4
74,月,Nguyệt,yuè,"Tháng, Mặt trăng",4
75,木,Mộc,mù,"Gỗ, Cây cối, Cây, gỗ (hình cây có cành và rễ).",4
76,欠,Khiếm,qiàn,"Khiếm khuyết,¶Thiếu vắng, Thiếu (khiếm nhã, khiếm khuyết).",4
77,止,Chỉ,zhǐ,"Dừng Lại, Chỉ động tác của chân",4
78,歹,Đãi,dǎi,"Xấu Xa, Tệ Hại,¶Bộ Đãi/Ngạt ý chỉ việc xấu, không tốt",4
79,殳,Thù,shū,"Binh Khí Dài, Một loại vũ khí dài, không mũi nhọn",4
80,毋,Vô,wú,"Chớ, Đừng.",4
81,比,Tỷ,bǐ,"So sánh, so bì.",4
82,毛,Mao,máo,Lông (Liên quan tới lông của loài thú hay râu tóc của con người),4
83,氏,Mao,shì,"Họ, ngành họ mạc trong một gia tộc.¶Phần đệm trong họ tên phái nữ.",4
84,气,Khí,qì,Hơi Nước,4
85,气,Thủy,shǔi,"Nước (Liên quan tới sông nước, chất lỏng)",4
86,火 (灬),Hỏa,huǒ,Lửa (Liên quan tới lửa hay việc sử dụng lửa),4
87,爪,Trảo,zhǎo,"Móng vuốt, Của động vật",4
88,父<,Phụ,fù,Cha (Nói tới người đàn ông đã trưởng thành),4
89,爻,Hào,yáo,"Hào Âm, Hào¶Dương, Giao nhau. Mỗi quẻ trong kinh dịch có sáu hào (Kinh kịch)",4
90,爿(丬),Tường,qiáng,"Mảnh Gỗ, Cái¶Giường",4
91,片,Phiến,piàn,"Mảnh, Tấm,¶Miếng, Mảnh vật mỏng và phẳng",4
92,牙,Nha,yá,Răng,4
93,牛（牜）,Ngưu,níu,Con trâu,4
94,犬 (犭),Khuyển,quǎn,Con chó,4
95,玄,Huyền,xuán,"Màu đen huyền, huyền bí",5
96,玉,Ngọc,yù,"Đá quý, ngọc",5
97,瓜,Qua,guā,Quả dưa,5
98,瓦,Ngõa,wǎ,Ngói,5
99,甘,Cam,gān,Ngọt,5
100,生,Sinh,shēng,"Sinh đẻ, sinh sống,",5
101,用,Dụng,yòng,Dùng,5
102,田,Điền,tián,Ruộng,5
103,疋( 匹),Thất,pǐ,"Đơn vị đo chiều dài, tấm (vải)",5
104,疒,Nạch,nǐ,Bệnh tật,5
105,癶,Bát,bǒ,"Gạt ngược lại, trở lại",5
106,白,Bạch,bái,Màu trắng,5
107,皮,Bì,pí,Da,5
108,皿,Mãnh,mǐn,Bát đĩa,5
109,目（罒）,Mục,mù,Mắt,5
110,矛,Mâu,máo,Cây giáo để đâm,5
111,矢,Thỉ,shǐ,"Cây tên, mũi tên.",5
112,石,Thạch,shí,Đá,5
113,示 (礻),Thị,Kỳ) (shì,"Chỉ thị, thần đất",5
114,禸,Nhựu,róu,"Vết chân, lốt chân",5
115,禾,Hòa,hé,lúa,5
116,穴,Huyệt,xué,"Hang, lỗ",5
117,立,Lập,lì,"Đứng, thành lập",5
118,竹,Trúc,zhú,"Tre, trúc",6
119,米,Mễ,mǐ,Gạo,6
120,"糸 (糹, 纟)",Mịch,mì,Sợi tơ nhỏ,6
121,缶,Phẫu,fǒu,Đồ sành,6
122,"网(, 罓)",Võng,wǎng,Cái lưới,6
123,羊,Dương,yáng,Con dê,6
124,羽 (羽),Vũ,yǔ,Lông vũ,6
125,老,Lão,lǎo,Già,6
126,而,Nhi,ér,"Mà, và",6
127,耒,Lỗi,lěi,Cái cày,6
128,耳,Nhĩ,ěr,"Tai, lỗ tai",6
129,聿,Duật,yù,Cây bút,6
130,肉,Nhục,ròu,Thịt,6
131,臣,Thần,chén,Bầy tôi,6
132,自,Tự,zì,"Tự bản thân, kể từ",6
133,至,Chí,zhì,Đến,6
134,臼,Cửu,jiù,Cái cối giã gạo,6
135,舌,Thiệt,shé,Cái lưỡi,6
136,舛,Suyễn,chuǎn,Sai lầm,6
137,舟,Chu,zhōu,Cái thuyền,6
138,艮,Cấn,gèn,"Quẻ Cấn (Kinh¶Dịch); dừng, bền cứng,",6
139,色,Sắc,sè,"Màu, dáng vẻ, nữ sắc",6
140,艸 (艹),Thảo,cǎo,Cỏ,6
141,虍,Hổ,hū,Vằn vện của con hổ,6
142,虫,Trùng,chóng,Sâu bọ,6
143,血,Huyết,xuè,Máu,6
144,行,Hành,xíng,"Đi, thi hành, làm được",6
145,衣(衤),Y,yī,Áo,6
146,襾,Á,yà,"Che đậy, úp lên",6
147,見(见),Kiến,jiàn,Trông thấy,7
148,角,Giác,jué,"Góc, sừng thú",7
149,言,Ngôn,yán,Nói,7
150,谷,Cốc,gǔ,Khe nước chảy giữa hai núi,7
151,豆,Đậu,dòu,"Hạt đậu, cây đậu",7
152,豕,Thỉ,shǐ,"Con heo, con lợn",7
153,豸,Trãi,zhì,Loài sâu không chân,7
154,貝 (贝),Bối,bèi,Vật báu,7
155,赤,Xích,chì,Màu đỏ,7
156,走(赱),Tẩu,zǒu,"Đi, chạy",7
157,足,Túc,zú,"Chân, đầy đủ",7
158,身,Thân,shēn,"Thân thể, thân mình",7
159,車 (车),Xa,chẽ,chiếc xe,7
160,辛,Tân,xīn,"Cay, vất vả",7
161,辰,Thần,chén,"Nhật, nguyệt, tinh; thìn (12 chi),",7
162,辵(辶),Quai xước,chuò,Chợt bước đi chợt dừng lại,7
163,邑(阝),Ấp,yì,"Vùng đất, đất phong cho quan",7
164,酉,Ấp,yǒu,Một trong 12 địa chi,7
165,釆,Biện,biàn,Phân biệt,7
166,里,Lý,lǐ,"Dặm, làng xóm",7
167,金,Kim,jīn,"Kim loại, vàng",8
168,"長 (镸 , 长)",Trường,cháng,Dài; lớn (trưởng),8
169,門 (门),Môn,mén,Cửa hai cánh,8
170,阜 (阝- ),Phụ,fù,"Đống đất, gò đất",8
171,隶,Đãi,dài,"Kịp, kịp đến",8
172,隹,Chuy,zhuī,Chim đuôi ngắn,8
173,雨,Vũ,yǔ,Mưa,8
174,青 (靑),Thanh,qīng,Màu xanh,8
175,非,Phi,fēi,Không,8
176,面 (靣),Diện,miàn,"Mặt, bề mặt",9
177,革,Cách,gé,"Da thú; thay đổi, cải cách",9
178,韋 (韦),Vi,wéi,Da thuộc,9
179,韭,"Phỉ, cửu",jiǔ,Rau phỉ (cây hẹ giống hành lá),9
180,音,Âm,yīn,"Âm thanh, tiếng",9
181,頁(页),Hiệt,yè,Đầu; trang giấy,9
182,"風(凬, 风)",Phong,fēng,Gió,9
183,飛 (飞 ),Phi,fēi,Bay,9
184,"食 (飠, 饣 )",Thực,shí,Ăn,9
185,首,Thủ,shǒu,Đầu,9
186,香,Hương,xiāng,"Mùi hương,hương thơm",9
187,馬 (马),Mã,mǎ,Con ngựa,10
188,骨,Cốt,gǔ,Xương,10
189,高,Cao,gāo,Cao,10
190,>髟,"Bưu, tiêu",biāo,Tóc dài; sam cỏ phủ mái nhà,10
191,鬥 (斗),Đấu,dòu,"Chống nhau, chiến đấu",10
192,鬯,Sưởng,chàng,Rượu nếp; bao đựng cây cung,10
193,鬲,Cách,gé lì,"Tên một con sông xưa, cái đỉnh",10
194,鬼,Quỷ,gǔi,Con quỷ,10
195,魚 (鱼),Ngư,yú,Con cá,11
196,鳥(鸟),Điểu,niǎo,Con chim,11
197,鹵,Lỗ,lǔ,Đất mặn,11
198,鹿,Lộc,lù,Con hươu,11
199,麥 (麦),Mạch,mò,Lúa mạch,11
200,麻,Ma,má,Cây gai,11
201,黃,Hoàng,huáng,Màu vàng,12
202,黍,Thử,shǔ,Lúa nếp,12
203,黑,Hắc,hēi,Màu đen,12
204,黹,Chỉ,zhǐ,"May áo, khâu vá",12
209,鼻,Tỵ,bí,Cái mũi,13
210,"齊 (斉 , 齐)",Tề,qí,"Ngang bằng, cùng nhau",13
211,"齒(齿, 歯 )",Xỉ,chǐ,Răng,15
212,龍(龙 ),Long,lóng,Con rồng,16
213,"龜 (亀, 龟 )",Quy,guī,Con rùa,16
214,龠,Dược,yuè,Sáo 3 lỗ,17
