id,course_id,position,title
1-1,1,1,Bài 1
1-2,1,2,Bài 2
1-3,1,3,Bài 3
1-4,1,4,Bài 4
1-5,1,5,Bài 5
1-6,1,6,Bài 6
1-7,1,7,Bài 7
1-8,1,8,Bài 8
2-1,2,1,Bài 1
2-2,2,2,Bài 2
2-3,2,3,Bài 3
2-4,2,4,Bài 4
2-5,2,5,Bài 5
2-6,2,6,Bài 6
2-7,2,7,Bài 7
2-8,2,8,Bài 8
3-1,3,1,Bài 1
3-2,3,2,Bài 2
3-3,3,3,Bài 3
3-4,3,4,Bài 4
3-5,3,5,Bài 5
3-6,3,6,Bài 6
3-7,3,7,Bài 7
3-8,3,8,Bài 8
3-9,3,9,Bài 9
3-10,3,10,Bài 10
3-11,3,11,Bài 11
3-12,3,12,Bài 12
3-13,3,13,Bài 13
3-14,3,14,Bài 14
3-15,3,15,Bài 15
4-1,4,1,Bài 1
4-2,4,2,Bài 2
4-3,4,3,Bài 3
4-4,4,4,Bài 4
4-5,4,5,Bài 5
4-6,4,6,Bài 6
4-7,4,7,Bài 7
4-8,4,8,Bài 8
4-9,4,9,Bài 9
4-10,4,10,Bài 10
4-11,4,11,Bài 11
4-12,4,12,Bài 12
4-13,4,13,Bài 13
4-14,4,14,Bài 14
4-15,4,15,Bài 15
4-16,4,16,Bài 16
4-17,4,17,Bài 17
4-18,4,18,Bài 18
4-19,4,19,Bài 19
4-20,4,20,Bài 20
4-21,4,21,Bài 21
4-22,4,22,Bài 22
4-23,4,23,Bài 23
4-24,4,24,Bài 24
4-25,4,25,Bài 25
4-26,4,26,Bài 26
4-27,4,27,Bài 27
4-28,4,28,Bài 28
4-29,4,29,Bài 29
4-30,4,30,Bài 30
5-1,5,1,Bài 1
5-2,5,2,Bài 2
5-3,5,3,Bài 3
5-4,5,4,Bài 4
5-5,5,5,Bài 5
5-6,5,6,Bài 6
5-7,5,7,Bài 7
5-8,5,8,Bài 8
5-9,5,9,Bài 9
5-10,5,10,Bài 10
5-11,5,11,Bài 11
5-12,5,12,Bài 12
5-13,5,13,Bài 13
5-14,5,14,Bài 14
5-15,5,15,Bài 15
5-16,5,16,Bài 16
5-17,5,17,Bài 17
5-18,5,18,Bài 18
5-19,5,19,Bài 19
5-20,5,20,Bài 20
5-21,5,21,Bài 21
5-22,5,22,Bài 22
5-23,5,23,Bài 23
5-24,5,24,Bài 24
5-25,5,25,Bài 25
5-26,5,26,Bài 26
5-27,5,27,Bài 27
5-28,5,28,Bài 28
5-29,5,29,Bài 29
5-30,5,30,Bài 30
5-31,5,31,Bài 31
5-32,5,32,Bài 32
5-33,5,33,Bài 33
5-34,5,34,Bài 34
5-35,5,35,Bài 35
5-36,5,36,Bài 36
5-37,5,37,Bài 37
5-38,5,38,Bài 38
5-39,5,39,Bài 39
5-40,5,40,Bài 40
5-41,5,41,Bài 41
5-42,5,42,Bài 42
5-43,5,43,Bài 43
5-44,5,44,Bài 44
5-45,5,45,Bài 45
5-46,5,46,Bài 46
5-47,5,47,Bài 47
5-48,5,48,Bài 48
5-49,5,49,Bài 49
5-50,5,50,Bài 50
5-51,5,51,Bài 51
5-52,5,52,Bài 52
5-53,5,53,Bài 53
5-54,5,54,Bài 54
5-55,5,55,Bài 55
5-56,5,56,Bài 56
5-57,5,57,Bài 57
5-58,5,58,Bài 58
5-59,5,59,Bài 59
5-60,5,60,Bài 60
5-61,5,61,Bài 61
5-62,5,62,Bài 62
5-63,5,63,Bài 63
5-64,5,64,Bài 64
5-65,5,65,Bài 65
6-1,6,1,Bài 1
6-2,6,2,Bài 2
6-3,6,3,Bài 3
6-4,6,4,Bài 4
6-5,6,5,Bài 5
6-6,6,6,Bài 6
6-7,6,7,Bài 7
6-8,6,8,Bài 8
6-9,6,9,Bài 9
6-10,6,10,Bài 10
6-11,6,11,Bài 11
6-12,6,12,Bài 12
6-13,6,13,Bài 13
6-14,6,14,Bài 14
6-15,6,15,Bài 15
6-16,6,16,Bài 16
6-17,6,17,Bài 17
6-18,6,18,Bài 18
6-19,6,19,Bài 19
6-20,6,20,Bài 20
6-21,6,21,Bài 21
6-22,6,22,Bài 22
6-23,6,23,Bài 23
6-24,6,24,Bài 24
6-25,6,25,Bài 25
6-26,6,26,Bài 26
6-27,6,27,Bài 27
6-28,6,28,Bài 28
6-29,6,29,Bài 29
6-30,6,30,Bài 30
6-31,6,31,Bài 31
6-32,6,32,Bài 32
6-33,6,33,Bài 33
6-34,6,34,Bài 34
6-35,6,35,Bài 35
6-36,6,36,Bài 36
6-37,6,37,Bài 37
6-38,6,38,Bài 38
6-39,6,39,Bài 39
6-40,6,40,Bài 40
6-41,6,41,Bài 41
6-42,6,42,Bài 42
6-43,6,43,Bài 43
6-44,6,44,Bài 44
6-45,6,45,Bài 45
6-46,6,46,Bài 46
6-47,6,47,Bài 47
6-48,6,48,Bài 48
6-49,6,49,Bài 49
6-50,6,50,Bài 50
6-51,6,51,Bài 51
6-52,6,52,Bài 52
6-53,6,53,Bài 53
6-54,6,54,Bài 54
6-55,6,55,Bài 55
6-56,6,56,Bài 56
6-57,6,57,Bài 57
6-58,6,58,Bài 58
6-59,6,59,Bài 59
6-60,6,60,Bài 60
6-61,6,61,Bài 61
6-62,6,62,Bài 62
6-63,6,63,Bài 63
6-64,6,64,Bài 64
6-65,6,65,Bài 65
6-66,6,66,Bài 66
6-67,6,67,Bài 67
6-68,6,68,Bài 68
6-69,6,69,Bài 69
6-70,6,70,Bài 70
6-71,6,71,Bài 71
6-72,6,72,Bài 72
6-73,6,73,Bài 73
6-74,6,74,Bài 74
6-75,6,75,Bài 75
6-76,6,76,Bài 76
6-77,6,77,Bài 77
6-78,6,78,Bài 78
6-79,6,79,Bài 79
6-80,6,80,Bài 80
6-81,6,81,Bài 81
6-82,6,82,Bài 82
6-83,6,83,Bài 83
6-84,6,84,Bài 84
6-85,6,85,Bài 85
6-86,6,86,Bài 86
6-87,6,87,Bài 87
6-88,6,88,Bài 88
6-89,6,89,Bài 89
6-90,6,90,Bài 90
6-91,6,91,Bài 91
6-92,6,92,Bài 92
6-93,6,93,Bài 93
6-94,6,94,Bài 94
6-95,6,95,Bài 95
6-96,6,96,Bài 96
6-97,6,97,Bài 97
6-98,6,98,Bài 98
6-99,6,99,Bài 99
6-100,6,100,Bài 100
6-101,6,101,Bài 101
6-102,6,102,Bài 102
6-103,6,103,Bài 103
6-104,6,104,Bài 104
6-105,6,105,Bài 105
6-106,6,106,Bài 106
6-107,6,107,Bài 107
6-108,6,108,Bài 108
6-109,6,109,Bài 109
6-110,6,110,Bài 110
6-111,6,111,Bài 111
6-112,6,112,Bài 112
6-113,6,113,Bài 113
6-114,6,114,Bài 114
6-115,6,115,Bài 115
6-116,6,116,Bài 116
6-117,6,117,Bài 117
6-118,6,118,Bài 118
6-119,6,119,Bài 119
6-120,6,120,Bài 120
6-121,6,121,Bài 121
6-122,6,122,Bài 122
6-123,6,123,Bài 123
6-124,6,124,Bài 124
6-125,6,125,Bài 125
6-126,6,126,Bài 126
